{
  "page": 1,
  "img_w": 2480,
  "img_h": 3509,
  "page_pdf_w": 595.0,
  "page_pdf_h": 842.0,
  "dpi": 300,
  "regions": [
    {
      "class_id": 0,
      "class_name": "room",
      "pixel_area": 3,
      "real_area": 3.888888888888889e-05,
      "polygon": [
        [
          0.1717741935483871,
          0.1322314049586777
        ],
        [
          0.1717741935483871,
          0.13251638643488173
        ],
        [
          0.17137096774193547,
          0.13280136791108577
        ],
        [
          0.17137096774193547,
          0.1336563123396979
        ],
        [
          0.1717741935483871,
          0.1336563123396979
        ]
      ],
      "centroid": [
        0.17161290322580644,
        0.1329723567968082
      ]
    },
    {
      "class_id": 0,
      "class_name": "room",
      "pixel_area": 671,
      "real_area": 0.007461111111111111,
      "polygon": [
        [
          0.05120967741935484,
          0.11228270162439441
        ],
        [
          0.05040322580645161,
          0.11256768310059846
        ],
        [
          0.049193548387096775,
          0.11627244229125107
        ],
        [
          0.04758064516129032,
          0.11655742376745512
        ],
        [
          0.04758064516129032,
          0.11940723852949559
        ],
        [
          0.04959677419354839,
          0.11997720148190368
        ],
        [
          0.04959677419354839,
          0.12368196067255628
        ],
        [
          0.050806451612903224,
          0.12425192362496437
        ],
        [
          0.05524193548387097,
          0.12339697919635224
        ],
        [
          0.054838709677419356,
          0.11997720148190368
        ],
        [
          0.05725806451612903,
          0.11655742376745512
        ],
        [
          0.05685483870967742,
          0.1139925904816187
        ],
        [
          0.05403225806451613,
          0.11256768310059846
        ]
      ],
      "centroid": [
        0.051861042183622835,
        0.11780695793234976
      ]
    },
    {
      "class_id": 0,
      "class_name": "room",
      "pixel_area": 19,
      "real_area": 0.00021666666666666666,
      "polygon": [
        [
          0.14838709677419354,
          0.109717868338558
        ],
        [
          0.1528225806451613,
          0.11000284981476204
        ],
        [
          0.15080645161290324,
          0.10886292390994586
        ]
      ],
      "centroid": [
        0.15067204301075268,
        0.1095278806877553
      ]
    },
    {
      "class_id": 0,
      "class_name": "room",
      "pixel_area": 3480,
      "real_area": 0.03867222222222222,
      "polygon": [
        [
          0.1681451612903226,
          0.05528640638358507
        ],
        [
          0.16733870967741934,
          0.05728127671701339
        ],
        [
          0.1693548387096774,
          0.060701054431461954
        ],
        [
          0.1681451612903226,
          0.06127101738387005
        ],
        [
          0.15685483870967742,
          0.061555998860074096
        ],
        [
          0.15524193548387097,
          0.058136221145625534
        ],
        [
          0.1536290322580645,
          0.05842120262182958
        ],
        [
          0.1532258064516129,
          0.06041607295525791
        ],
        [
          0.15403225806451612,
          0.06326588771729838
        ],
        [
          0.16048387096774194,
          0.06469079509831861
        ],
        [
          0.16653225806451613,
          0.06383585066970647
        ],
        [
          0.1685483870967742,
          0.06412083214591052
        ],
        [
          0.16975806451612904,
          0.0652607580507267
        ],
        [
          0.16975806451612904,
          0.11541749786263893
        ],
        [
          0.1717741935483871,
          0.1310914790538615
        ],
        [
          0.17258064516129032,
          0.1268167569108008
        ],
        [
          0.17459677419354838,
          0.1262467939583927
        ],
        [
          0.17459677419354838,
          0.06583072100313479
        ],
        [
          0.17298387096774193,
          0.06554573952693075
        ],
        [
          0.17338709677419356,
          0.06469079509831861
        ],
        [
          0.17459677419354838,
          0.06469079509831861
        ],
        [
          0.17459677419354838,
          0.05528640638358507
        ]
      ],
      "centroid": [
        0.16682551319648098,
        0.07317547086712091
      ]
    },
    {
      "class_id": 0,
      "class_name": "room",
      "pixel_area": 49680,
      "real_area": 0.5520055555555555,