{
  "page": 1,
  "img_w": 2480,
  "img_h": 3509,
  "page_pdf_w": 595.0,
  "page_pdf_h": 842.0,
  "dpi": 300,
  "regions": [
    {
      "polygon": [
        [
          0.1717741935483871,
          0.1322314049586777
        ],
        [
          0.1717741935483871,
          0.13251638643488173
        ],
        [
          0.17137096774193547,
          0.13280136791108577
        ],
        [
          0.17137096774193547,
          0.1336563123396979
        ],
        [
          0.1717741935483871,
          0.1336563123396979
        ]
      ],
      "pixel_area": 3.5,
      "mm2": 0.025089555555555556,
      "real_area_m2": 2.5089555555555557e-09,
      "centroid": [
        0.17161290322580644,
        0.1329723567968082
      ]
    },
    {
      "polygon": [
        [
          0.05120967701077461,
          0.11228270083665848
        ],
        [
          0.05040322616696358,
          0.11256768554449081
        ],
        [
          0.049193549901247025,
          0.1162724420428276
        ],
        [
          0.047580644488334656,
          0.11655742675065994
        ],
        [
          0.047580644488334656,
          0.11940723657608032
        ],
        [
          0.04959677532315254,
          0.1199771985411644
        ],
        [
          0.04959677532315254,
          0.12368196249008179
        ],
        [
          0.050806451588869095,
          0.12425192445516586
        ],
        [
          0.05524193495512009,
          0.12339697778224945
        ],
        [
          0.05483870953321457,
          0.1199771985411644
        ],
        [
          0.05725806578993797,
          0.11655742675065994
        ],
        [
          0.056854840368032455,
          0.1139925941824913
        ],
        [
          0.054032258689403534,
          0.11256768554449081
        ]
      ],
      "pixel_area": 671.5,
      "mm2": 4.8136104444444445,
      "real_area_m2": 4.813610444444445e-07,
      "centroid": [
        0.05186104774475098,
        0.11780695617198944
      ]
    },
    {
      "polygon": [
        [
          0.1483870893716812,
          0.10971786826848984
        ],
        [
          0.1528225839138031,
          0.11000285297632217
        ],
        [
          0.1508064568042755,
          0.10886292159557343
        ]
      ],
      "pixel_area": 19.5,
      "mm2": 0.13978466666666667,
      "real_area_m2": 1.3978466666666669e-08,
      "centroid": [
        0.150672048330307,
        0.10952788591384888
      ]
    },
    {
      "polygon": [
        [
          0.16814516484737396,
          0.055286407470703125
        ],
        [
          0.16733871400356293,
          0.05728127807378769
        ],
        [
          0.16935484111309052,
          0.06070105358958244
        ],
        [
          0.16814516484737396,
          0.06127101555466652
        ],
        [
          0.15685483813285828,
          0.061556000262498856
        ],
        [
          0.1552419364452362,
          0.0581362210214138
        ],
        [
          0.15362903475761414,
          0.05842120200395584
        ],
        [
          0.15322580933570862,
          0.060416072607040405
        ],
        [
          0.15403226017951965,
          0.06326588988304138
        ],
        [
          0.16048386693000793,
          0.06469079852104187
        ],
        [
          0.1665322631597519,
          0.06383585184812546
        ],
        [
          0.16854839026927948,
          0.0641208291053772
        ],
        [
          0.16975806653499603,
          0.06526076048612595
        ],
        [
          0.16975806653499603,
          0.1154174953699112
        ],
        [
          0.17177419364452362,
          0.13109147548675537
        ],
        [
          0.17258064448833466,
          0.1268167495727539
        ],
        [
          0.17459677159786224,
          0.12624679505825043
        ],
        [
          0.17459677159786224,
          0.06583072245121002
        ],
        [
          0.17298386991024017,
          0.06554573774337769
        ],
        [
          0.1733870953321457,
          0.06469079852104187
        ],
        [
          0.17459677159786224,
          0.06469079852104187
        ],
        [
          0.17459677159786224,
          0.055286407470703125
        ]
      ],
      "pixel_area": 3480.5,
      "mm2": 24.94977088888889,
      "real_area_m2": 2.4949770888888892e-06,